{
    "$*_carmear_to_mocap_marker_transformation" : "相机端--> 机器人 mocap 标记端  [r11 r12 r13 r14 r21 r22 r23 r24 r31 r32 r33 r34 r41 r42 r43 r44] rad",

    "carmear_to_mocap_marker_transformation" : {

        "r11":-0.9983989872318642,
        "r12":0.01603192245708041,
        "r13":0.05424426012693219,
        "r14":32.70685984803643,
        
        "r21":-0.05462861449888995,
        "r22":-0.02459652246005376,
        "r23":-0.998203749522513,
        "r24":-20.47202260463446,

        "r31":-0.0146689049461706,
        "r32":-0.9995689013495777,
        "r33":0.02543294482512748,
        "r34":-12.20338351612631,

        "r41":0,
        "r42":0,
        "r43":0,
        "r44":1

    },

    "real_pole_position":{

        "p_11":{
            "x":1980.690,
            "y":1699.935,
            "z":2301.818
        },

        "p_12":{
            "x":1861.417,
            "y":1703.460,
            "z":2253.858
        },

        "p_21":{
            "x":1927.048,
            "y":343.183,
            "z":2330.180
        },

        "p_22":{
            "x":1882.328,
            "y":343.774,
            "z": 2209.078
        }
    }
}
